authorId,name,affiliations,email
145298798,S. Fuentes,University of Washington,S._Fuentes@gmail.com
30772377,E. Tongson,Yale University,E._Tongson@gmail.com
21058844,R. Unnithan,University of Pennsylvania,R._Unnithan@gmail.com
13288046,Claudia Gonzalez Viejo,University of Washington,Claudia_Gonzalez_Viejo@gmail.com
2120099756,Xin Liu,University of Pennsylvania,Xin_Liu@gmail.com
145688317,Anwitaman Datta,"University of California, San Diego",Anwitaman_Datta@gmail.com
1709901,Ee-Peng Lim,"University of California, San Diego",Ee-Peng_Lim@gmail.com
143701176,Knut Hinkelmann,FHNW University of Applied Sciences and Arts Northwestern Switzerland,Knut_Hinkelmann@gmail.com
2109247625,Sajjad Ahmed,Yale University,Sajjad_Ahmed@gmail.com
1695958,F. Corradini,University of Cambridge,F._Corradini@gmail.com
1728262,A. Negi,University of Cambridge,A._Negi@gmail.com
2292166946,Kishore Kumar,Massachusetts Institute of Technology,Kishore_Kumar@gmail.com
2225845486,Gaurang Sonkavde,University of Washington,Gaurang_Sonkavde@gmail.com
51887595,D. Dharrao,Columbia University,D._Dharrao@gmail.com
9192419,A. Bongale,Harvard University,A._Bongale@gmail.com
46610789,S. Deokate,University of Oxford,S._Deokate@gmail.com
116853525,D. Doreswamy,University of Oxford,D._Doreswamy@gmail.com
50378805,Subraya Krishna Bhat,University of Oxford,Subraya_Krishna_Bhat@gmail.com
8552088,Brankica Bratić,University of Chicago,Brankica_Bratić@gmail.com
3113695,V. Kurbalija,University of Michigan,V._Kurbalija@gmail.com
144395551,M. Ivanović,University of Michigan,M._Ivanović@gmail.com
51480852,Iztok Oder,California Institute of Technology,Iztok_Oder@gmail.com
2025112,Z. Bosnić,University of Chicago,Z._Bosnić@gmail.com
145508283,Daniil Kononenko,Columbia University,Daniil_Kononenko@gmail.com
2825246,Yaroslav Ganin,University of Washington,Yaroslav_Ganin@gmail.com
2690172,Diana Sungatullina,University of Pennsylvania,Diana_Sungatullina@gmail.com
1740145,V. Lempitsky,Stanford University,V._Lempitsky@gmail.com
2068611376,N. Tran,"University of California, Berkeley",N._Tran@gmail.com
1830412825,Samer Albahra,Yale University,Samer_Albahra@gmail.com
5371772,L. May,University of Pennsylvania,L._May@gmail.com
46611479,S. Waldman,"University of California, Los Angeles",S._Waldman@gmail.com
2148536328,Scott Crabtree,University of Chicago,Scott_Crabtree@gmail.com
2143549636,Scott Bainbridge,California Institute of Technology,Scott_Bainbridge@gmail.com
31682040,H. Rashidi,University of Chicago,H._Rashidi@gmail.com
2112820873,HaiBo Cui,Yale University,HaiBo_Cui@gmail.com
6989114,Jingjing Zhai,Princeton University,Jingjing_Zhai@gmail.com
49679382,Chuang Ma,University of Cambridge,Chuang_Ma@gmail.com
49170958,Y. Kim,University of Washington,Y._Kim@gmail.com
2242129,Youngdoo Son,Stanford University,Youngdoo_Son@gmail.com
2821001,Wonjoon Kim,Yale University,Wonjoon_Kim@gmail.com
2996101,Byungki Jin,University of Oxford,Byungki_Jin@gmail.com
1716140,M. Yun,University of Pennsylvania,M._Yun@gmail.com
2119657963,Bowen Yang,Columbia University,Bowen_Yang@gmail.com
4713365,F. Haghighat,University of Oxford,F._Haghighat@gmail.com
1760762,B. Fung,Princeton University,B._Fung@gmail.com
95356210,K. Panchabikesan,Massachusetts Institute of Technology,K._Panchabikesan@gmail.com
153446958,W. Kew,University of Washington,W._Kew@gmail.com
1988489309,J. Mitchell,"University of California, San Diego",J._Mitchell@gmail.com
2719667,K. Saho,Harvard University,K._Saho@gmail.com
1383246948,Sora Hayashi,California Institute of Technology,Sora_Hayashi@gmail.com
2156211656,Mutsuki Tsuyama,University of Chicago,Mutsuki_Tsuyama@gmail.com
2113608835,Lin Meng,Harvard University,Lin_Meng@gmail.com
2328680,M. Masugi,University of Chicago,M._Masugi@gmail.com
51437071,P. Bidyuk,University of Michigan,P._Bidyuk@gmail.com
28354393,A. Gozhyj,Yale University,A._Gozhyj@gmail.com
1571154002,I. Kalinina,Massachusetts Institute of Technology,I._Kalinina@gmail.com
9077801,V. Vysotska,Yale University,V._Vysotska@gmail.com
2764631,Victoria A. Fratto,"University of California, Los Angeles",Victoria_A._Fratto@gmail.com
1747491,P. Bouyer,Harvard University,P._Bouyer@gmail.com
1685173,Thomas Brihaye,University of Oxford,Thomas_Brihaye@gmail.com
1749716,Fabrice Chevalier,California Institute of Technology,Fabrice_Chevalier@gmail.com
39977859,S. Chon,Harvard University,S._Chon@gmail.com
51042372,Ferdinand Timmermann,California Institute of Technology,Ferdinand_Timmermann@gmail.com
2794091,Thomas Dratsch,Columbia University,Thomas_Dratsch@gmail.com
8625509,N. Schuelper,University of Oxford,N._Schuelper@gmail.com
49894422,P. Plum,University of Cambridge,P._Plum@gmail.com
81127051,F. Berlth,Columbia University,F._Berlth@gmail.com
51040845,R. Datta,"University of California, San Diego",R._Datta@gmail.com
2074443600,C. Schramm,"University of California, Berkeley",C._Schramm@gmail.com
3899780,S. Haneder,California Institute of Technology,S._Haneder@gmail.com
2091905565,Martin Richard Späth,"University of California, San Diego",Martin_Richard_Späth@gmail.com
11735268,M. Dübbers,California Institute of Technology,M._Dübbers@gmail.com
144504726,Julia Kleinert,University of Cambridge,Julia_Kleinert@gmail.com
5019281,T. Raupach,Stanford University,T._Raupach@gmail.com
2655343,C. Bruns,University of Michigan,C._Bruns@gmail.com
49914182,R. Kleinert,University of Cambridge,R._Kleinert@gmail.com
1738145,J. Huyck,Stanford University,J._Huyck@gmail.com
3115896,T. Brázdil,University of Chicago,T._Brázdil@gmail.com
2275592032,Krishnendu Chatterjee,"University of California, Berkeley",Krishnendu_Chatterjee@gmail.com
2701404,A. Kucera,University of Pennsylvania,A._Kucera@gmail.com
40136108,Petr Novotný,University of Pennsylvania,Petr_Novotný@gmail.com
2089829,Edward F. Melcer,University of Oxford,Edward_F._Melcer@gmail.com
2877935,J. Ryan,University of Michigan,J._Ryan@gmail.com
1394258787,Nick Junius,Harvard University,Nick_Junius@gmail.com
46221898,M. Kreminski,Princeton University,M._Kreminski@gmail.com
113134742,Dietrich Squinkifer,University of Cambridge,Dietrich_Squinkifer@gmail.com
144237889,Brent D. Hill,Stanford University,Brent_D._Hill@gmail.com
1390043728,Noah Wardrip-Fruin,"University of California, Berkeley",Noah_Wardrip-Fruin@gmail.com
2185666,Dinah Rosenberg,Massachusetts Institute of Technology,Dinah_Rosenberg@gmail.com
2440316,N. Vieille,University of Pennsylvania,N._Vieille@gmail.com
145748799,David R. M. Thompson,'Google',David_R._M._Thompson@gmail.com
144879753,Samantha Leung,Yale University,Samantha_Leung@gmail.com
1388404060,Kevin Leyton-Brown,University of Pennsylvania,Kevin_Leyton-Brown@gmail.com
38548340,S. Fiedler,California Institute of Technology,S._Fiedler@gmail.com
2098939,A. Glöckner,Columbia University,A._Glöckner@gmail.com
5860697,A. Nicklisch,Yale University,A._Nicklisch@gmail.com
2643325,A. Sirigu,"University of California, San Diego",A._Sirigu@gmail.com
47555680,A. Innocenti,"University of California, Berkeley",A._Innocenti@gmail.com
22708544,Tobias Wängberg,"University of California, Berkeley",Tobias_Wängberg@gmail.com
22708729,Mikael Böörs,Yale University,Mikael_Böörs@gmail.com
22574075,Elliot Catt,Columbia University,Elliot_Catt@gmail.com
1868196,Tom Everitt,'DeepMind',Tom_Everitt@gmail.com
144154444,Marcus Hutter,University of Pennsylvania,Marcus_Hutter@gmail.com
103296599,M. Preti,"University of California, Los Angeles",M._Preti@gmail.com
70359360,S. Pill,"University of California, Berkeley",S._Pill@gmail.com
1729159,D. Rawat,"University of California, Los Angeles",D._Rawat@gmail.com
144678875,Laurent L. Njilla,Columbia University,Laurent_L._Njilla@gmail.com
1723424,K. Kwiat,"University of California, Berkeley",K._Kwiat@gmail.com
145231705,Charles A. Kamhoua,Yale University,Charles_A._Kamhoua@gmail.com
145190435,A. Bensoussan,Harvard University,A._Bensoussan@gmail.com
2249607014,Michael Chau,University of Cambridge,Michael_Chau@gmail.com
152879053,Y. Lai,"University of California, San Diego",Y._Lai@gmail.com
2059043,S. Yam,Harvard University,S._Yam@gmail.com
2095239821,Piotr Sterczewski,"University of California, San Diego",Piotr_Sterczewski@gmail.com
8719844,Lucas N. Ferreira,California Institute of Technology,Lucas_N._Ferreira@gmail.com
2324546,Levi H. S. Lelis,Massachusetts Institute of Technology,Levi_H._S._Lelis@gmail.com
1742415696,E. Whitehead,"University of California, Berkeley",E._Whitehead@gmail.com
48630276,Amy K. Hoover,California Institute of Technology,Amy_K._Hoover@gmail.com
2168490,William Cachia,Princeton University,William_Cachia@gmail.com
1713331,Antonios Liapis,Harvard University,Antonios_Liapis@gmail.com
1686193,Georgios N. Yannakakis,Stanford University,Georgios_N._Yannakakis@gmail.com
1745330,Wookhee Min,Massachusetts Institute of Technology,Wookhee_Min@gmail.com
9808011,Bradford W. Mott,Columbia University,Bradford_W._Mott@gmail.com
34971293,Jonathan P. Rowe,"University of California, San Diego",Jonathan_P._Rowe@gmail.com
11063801,Barry Liu,Yale University,Barry_Liu@gmail.com
1717955,James C. Lester,Harvard University,James_C._Lester@gmail.com
143872539,T. Jiang,Columbia University,T._Jiang@gmail.com
1737891,J. Baras,Harvard University,J._Baras@gmail.com
145481292,Christian Reuter,University of Pennsylvania,Christian_Reuter@gmail.com
1836113,Viktor Wendel,Stanford University,Viktor_Wendel@gmail.com
145761088,S. Göbel,"University of California, Berkeley",S._Göbel@gmail.com
1725298,R. Steinmetz,Massachusetts Institute of Technology,R._Steinmetz@gmail.com
2044989,Jefry Tedjokusumo,"University of California, San Diego",Jefry_Tedjokusumo@gmail.com
1809333,S. Zhou,University of Oxford,S._Zhou@gmail.com
145231261,S. Winkler,"University of California, San Diego",S._Winkler@gmail.com
1730590,A. Barto,University of Washington,A._Barto@gmail.com
1715407,A. Abrardo,University of Michigan,A._Abrardo@gmail.com
144625576,M. Barni,University of Chicago,M._Barni@gmail.com
3192444,Kassem Kallas,'INRIA',Kassem_Kallas@gmail.com
2488892,B. Tondi,University of Pennsylvania,B._Tondi@gmail.com
2112625845,Paul Cheng,University of Oxford,Paul_Cheng@gmail.com
116150522,Ioanna Vasileiadou,Princeton University,Ioanna_Vasileiadou@gmail.com
118461124,Zafiri Makrina,California Institute of Technology,Zafiri_Makrina@gmail.com
1694028,Riky Subrata,University of Pennsylvania,Riky_Subrata@gmail.com
9392149,Albert Y. Zomaya,'Sydney University',Albert_Y._Zomaya@gmail.com
1705486,B. Landfeldt,University of Washington,B._Landfeldt@gmail.com
1398510220,L. Mo-Suwan,University of Pennsylvania,L._Mo-Suwan@gmail.com
6630757,Jiraluck Nontarak,University of Oxford,Jiraluck_Nontarak@gmail.com
6418979,W. Aekplakorn,Harvard University,W._Aekplakorn@gmail.com
4502458,W. Satheannoppakao,Princeton University,W._Satheannoppakao@gmail.com
1733122,C. Chekuri,Massachusetts Institute of Technology,C._Chekuri@gmail.com
2495534,Julia Chuzhoy,University of Washington,Julia_Chuzhoy@gmail.com
1402943721,L. Lewin-Eytan,Yale University,L._Lewin-Eytan@gmail.com
1751440,J. Naor,"University of California, Berkeley",J._Naor@gmail.com
1705969,A. Orda,Stanford University,A._Orda@gmail.com
2805650,S. Lau,Massachusetts Institute of Technology,S._Lau@gmail.com
2069452458,T. Tan,Princeton University,T._Tan@gmail.com
2069946935,S. M. Goh,"University of California, Los Angeles",S._M._Goh@gmail.com
50186592,S. Durga,"University of California, Berkeley",S._Durga@gmail.com
143819446,K. Squire,University of Cambridge,K._Squire@gmail.com
11618874,S. Thiagarajan,Princeton University,S._Thiagarajan@gmail.com
143792160,R. Thiagarajan,"University of California, Berkeley",R._Thiagarajan@gmail.com
2271397816,Yicong Wu,University of Chicago,Yicong_Wu@gmail.com
1452344900,H. Aung,California Institute of Technology,H._Aung@gmail.com
2443375,M. Khalid,University of Michigan,M._Khalid@gmail.com
2937925,H. Iida,University of Oxford,H._Iida@gmail.com
1701316,M. Kwiatkowska,California Institute of Technology,M._Kwiatkowska@gmail.com
145766447,G. Norman,University of Michigan,G._Norman@gmail.com
144381875,D. Parker,Harvard University,D._Parker@gmail.com
145651668,S. Shiva,California Institute of Technology,S._Shiva@gmail.com
40400362,Sankardas Roy,Princeton University,Sankardas_Roy@gmail.com
1710856,D. Dasgupta,University of Chicago,D._Dasgupta@gmail.com
1808500,R. Folgieri,California Institute of Technology,R._Folgieri@gmail.com
2078607,Roberto Zampolini,University of Michigan,Roberto_Zampolini@gmail.com
8511875,Jonghwan Mun,Harvard University,Jonghwan_Mun@gmail.com
14454974,P. H. Seo,University of Washington,P._H._Seo@gmail.com
3386346,Ilchae Jung,Princeton University,Ilchae_Jung@gmail.com
40030651,Bohyung Han,Columbia University,Bohyung_Han@gmail.com
50193797,Stanislava Rangelova,University of Oxford,Stanislava_Rangelova@gmail.com
150079420,Daniel Motus,University of Pennsylvania,Daniel_Motus@gmail.com
1742930,E. André,Massachusetts Institute of Technology,E._André@gmail.com
2619128,A. Furtado,University of Chicago,A._Furtado@gmail.com
144772155,André L. M. Santos,Columbia University,André_L._M._Santos@gmail.com
1931503,Geber Ramalho,University of Michigan,Geber_Ramalho@gmail.com
2023945041,Matthew Brown,Stanford University,Matthew_Brown@gmail.com
3305291,Sandhya Saisubramanian,Columbia University,Sandhya_Saisubramanian@gmail.com
1718824,Pradeep Varakantham,'Singapore Management University',Pradeep_Varakantham@gmail.com
143736701,Milind Tambe,"University of California, San Diego",Milind_Tambe@gmail.com
2426181,Mo Wei,University of Oxford,Mo_Wei@gmail.com
2116388691,Genshe Chen,Harvard University,Genshe_Chen@gmail.com
143882917,J. B. Cruz,University of Oxford,J._B._Cruz@gmail.com
123064042,L.S. Haynes,Princeton University,L.S._Haynes@gmail.com
34820048,K. Pham,"University of California, Berkeley",K._Pham@gmail.com
1752475,Erik Blasch,'AFRL',Erik_Blasch@gmail.com
143628853,Elizabeth LaPensée,University of Oxford,Elizabeth_LaPensée@gmail.com
145364912,G. Reinhardt,"University of California, Berkeley",G._Reinhardt@gmail.com
32041960,Lori S. Cook,University of Chicago,Lori_S._Cook@gmail.com
1396307944,B. King-Casas,University of Chicago,B._King-Casas@gmail.com
2708759,Pearl H. Chiu,"University of California, Los Angeles",Pearl_H._Chiu@gmail.com
16777650,Igor Kotenko,'St. Petersburg Federal Research Center of the Russian Academy of Sciences',Igor_Kotenko@gmail.com
2262881,E. Doynikova,Stanford University,E._Doynikova@gmail.com
144638626,A. Chechulin,Massachusetts Institute of Technology,A._Chechulin@gmail.com
2701127,S. Schewe,"University of California, Los Angeles",S._Schewe@gmail.com
1761581,Manny Rayner,'University of Geneva',Manny_Rayner@gmail.com
145141931,P. Bouillon,Columbia University,P._Bouillon@gmail.com
39452145,Johanna Gerlach,Stanford University,Johanna_Gerlach@gmail.com
1716323,D. Memmert,Harvard University,D._Memmert@gmail.com
143836892,J. Perl,University of Pennsylvania,J._Perl@gmail.com
2112851762,Jin Shi,Massachusetts Institute of Technology,Jin_Shi@gmail.com
2285071262,Yin Lu,University of Washington,Yin_Lu@gmail.com
2285880465,Li Xie,Stanford University,Li_Xie@gmail.com
144018135,Xin Kang,"University of California, Los Angeles",Xin_Kang@gmail.com
144142357,Rui Zhang,University of Oxford,Rui_Zhang@gmail.com
1770486,M. Motani,University of Cambridge,M._Motani@gmail.com
38295334,Q. Song,University of Cambridge,Q._Song@gmail.com
143634612,G. Yin,California Institute of Technology,G._Yin@gmail.com
2109336475,Zhimin Zhang,Columbia University,Zhimin_Zhang@gmail.com
1768181,William van der Sterren,University of Oxford,William_van_der_Sterren@gmail.com
50488319,Paden Shorey,University of Michigan,Paden_Shorey@gmail.com
2320954,Audrey Girouard,Princeton University,Audrey_Girouard@gmail.com
97213203,Marilyn L. Grechus,Harvard University,Marilyn_L._Grechus@gmail.com
2110851001,Jim Brown,Yale University,Jim_Brown@gmail.com
144298043,Jaime Sánchez,Columbia University,Jaime_Sánchez@gmail.com
30909071,Álvaro Salinas,University of Michigan,Álvaro_Salinas@gmail.com
39385532,Mauricio Sáenz,University of Pennsylvania,Mauricio_Sáenz@gmail.com
66315156,Blanco Encalada,California Institute of Technology,Blanco_Encalada@gmail.com
1785624,Vittorio Bilò,University of Chicago,Vittorio_Bilò@gmail.com
103873302,Robert Bove,University of Cambridge,Robert_Bove@gmail.com
2797013,Jesper Juul,University of Oxford,Jesper_Juul@gmail.com
1717963,S. Rass,Columbia University,S._Rass@gmail.com
1888102,Boreum Choi,University of Cambridge,Boreum_Choi@gmail.com
1802998,Inseong Lee,University of Cambridge,Inseong_Lee@gmail.com
2517740,Dongseong Choi,University of Pennsylvania,Dongseong_Choi@gmail.com
2116328984,Jinwoo Kim,University of Chicago,Jinwoo_Kim@gmail.com
143823506,H. Donkers,Massachusetts Institute of Technology,H._Donkers@gmail.com
145495343,J. Uiterwijk,University of Michigan,J._Uiterwijk@gmail.com
144834571,A. Voogt,Columbia University,A._Voogt@gmail.com
145215783,S. Sorin,"University of California, Los Angeles",S._Sorin@gmail.com
98232539,J. Benthem,Columbia University,J._Benthem@gmail.com
1758755,K. Merrick,Harvard University,K._Merrick@gmail.com
2552303,M. Hardhienata,University of Michigan,M._Hardhienata@gmail.com
144503029,Kamran Shafi,University of Oxford,Kamran_Shafi@gmail.com
1713968,Jiankun Hu,"University of California, Berkeley",Jiankun_Hu@gmail.com
3082187,Rafael Savi,Columbia University,Rafael_Savi@gmail.com
2355912,C. V. Wangenheim,University of Chicago,C._V._Wangenheim@gmail.com
3076734,A. Borgatto,University of Washington,A._Borgatto@gmail.com
153316774,J. Andrew,University of Cambridge,J._Andrew@gmail.com
120647490,S. Henry,Massachusetts Institute of Technology,S._Henry@gmail.com
1418344043,A. N. Yudhisthira,Columbia University,A._N._Yudhisthira@gmail.com
116879422,Yulyani Arifin,University of Washington,Yulyani_Arifin@gmail.com
70048683,S. D. Permai,Columbia University,S._D._Permai@gmail.com
50053016,Sarah I. Endress,University of Chicago,Sarah_I._Endress@gmail.com
1960450,Elisa D. Mekler,Massachusetts Institute of Technology,Elisa_D._Mekler@gmail.com
1767692,K. Opwis,University of Pennsylvania,K._Opwis@gmail.com
1757996,R. Klemke,University of Pennsylvania,R._Klemke@gmail.com
2534790,Stefaan Ternier,University of Cambridge,Stefaan_Ternier@gmail.com
2295803,M. Kalz,Columbia University,M._Kalz@gmail.com
2625702,Birgit Schmitz,University of Cambridge,Birgit_Schmitz@gmail.com
143989442,M. Specht,Massachusetts Institute of Technology,M._Specht@gmail.com
144609251,Jennifer Sabourin,Harvard University,Jennifer_Sabourin@gmail.com
3007154,Lucy R. Shores,Massachusetts Institute of Technology,Lucy_R._Shores@gmail.com
2550618,S. Hjelseth,Princeton University,S._Hjelseth@gmail.com
145910180,A. Morrison,California Institute of Technology,A._Morrison@gmail.com
34772704,K. Nordby,"University of California, Berkeley",K._Nordby@gmail.com
2075376111,Yu Bao,University of Michigan,Yu_Bao@gmail.com
2249588356,Guosun Zeng,California Institute of Technology,Guosun_Zeng@gmail.com
34905047,Rikke Magnussen,"University of California, Los Angeles",Rikke_Magnussen@gmail.com
3015476,G. Svingby,California Institute of Technology,G._Svingby@gmail.com
2095003529,Rune Jönsson,Yale University,Rune_Jönsson@gmail.com
1725157,T. Schaul,University of Oxford,T._Schaul@gmail.com
145341374,J. Schmidhuber,University of Washington,J._Schmidhuber@gmail.com
145269008,J. Zagal,"University of California, Berkeley",J._Zagal@gmail.com
1726792,G. J. Nalepa,University of Chicago,G._J._Nalepa@gmail.com
25894913,Barbara Gizycka,Stanford University,Barbara_Gizycka@gmail.com
3258951,K. Kutt,"University of California, Los Angeles",K._Kutt@gmail.com
11330123,J. Argasiński,Columbia University,J._Argasiński@gmail.com
32691087,R. Rezin,University of Michigan,R._Rezin@gmail.com
2836331,Ilya M. Afanasyev,Columbia University,Ilya_M._Afanasyev@gmail.com
144527006,M. Mazzara,University of Washington,M._Mazzara@gmail.com
144385660,V. Rivera,University of Pennsylvania,V._Rivera@gmail.com
1732285,Jason Begy,"University of California, San Diego",Jason_Begy@gmail.com
52367308,Ravi Purushotma,University of Pennsylvania,Ravi_Purushotma@gmail.com
2507796,S. Thorne,California Institute of Technology,S._Thorne@gmail.com
52615500,J. Wheatley,University of Pennsylvania,J._Wheatley@gmail.com
144163068,T. Mills,University of Pennsylvania,T._Mills@gmail.com
3210937,S. Lessard,Yale University,S._Lessard@gmail.com
1681530,Michael Bradley Johanson,DeepMind,Michael_Bradley_Johanson@gmail.com
3122645,Boualem Djehiche,University of Oxford,Boualem_Djehiche@gmail.com
1773778,H. Tembine,Massachusetts Institute of Technology,H._Tembine@gmail.com
2871176,Takashi Ui,University of Chicago,Takashi_Ui@gmail.com
27011207,Tom Gedeon,"'ANU, Murdoch University, UNSW, Brunel University, Flinders University, UWA, Curtin University'",Tom_Gedeon@gmail.com
2607684,Dingyun Zhu,California Institute of Technology,Dingyun_Zhu@gmail.com
145215033,B. Mendis,Yale University,B._Mendis@gmail.com
1686360,Wang-Chien Lee,University of Chicago,Wang-Chien_Lee@gmail.com
1692152,Lee,'Hong Kong University of Science and Technology',Lee@gmail.com
1741196,S. Kiranyaz,University of Pennsylvania,S._Kiranyaz@gmail.com
35327641,S. Harkins,Yale University,S._Harkins@gmail.com
35510243,Martin W. P. Reid,Harvard University,Martin_W._P._Reid@gmail.com
1741158,P. Atzeni,University of Cambridge,P._Atzeni@gmail.com
1682406,A. Mendelzon,University of Cambridge,A._Mendelzon@gmail.com
1785690,G. Mecca,Princeton University,G._Mecca@gmail.com
145635430,R. Cowie,University of Cambridge,R._Cowie@gmail.com
1400943991,E. Douglas-Cowie,"University of California, Los Angeles",E._Douglas-Cowie@gmail.com
33199546,Cate Cox,Princeton University,Cate_Cox@gmail.com
1703204,Juan Sequeda,'data.world',Juan_Sequeda@gmail.com
2787942,Freddy Priyatna,University of Cambridge,Freddy_Priyatna@gmail.com
1398348791,B. Villazón-Terrazas,"University of California, Los Angeles",B._Villazón-Terrazas@gmail.com
1683556,G. Wiederhold,California Institute of Technology,G._Wiederhold@gmail.com
1760085,J. Kacprzyk,University of Oxford,J._Kacprzyk@gmail.com
1759803,S. Zadrożny,Columbia University,S._Zadrożny@gmail.com
1978719,V. Vesna,University of Michigan,V._Vesna@gmail.com
48691553,Su Zhang,Stanford University,Su_Zhang@gmail.com
1932524,Xinming Ou,University of Pennsylvania,Xinming_Ou@gmail.com
1736546,Doina Caragea,'Kansas State University',Doina_Caragea@gmail.com
1832291,W. Takano,Harvard University,W._Takano@gmail.com
144971290,K. Yamane,Princeton University,K._Yamane@gmail.com
2173160556,Yoshihiko Nakamura,University of Pennsylvania,Yoshihiko_Nakamura@gmail.com
1703130,T. Reps,Princeton University,T._Reps@gmail.com
2109434985,Dong-chan Lee,Yale University,Dong-chan_Lee@gmail.com
2108105012,Sangjin Lee,California Institute of Technology,Sangjin_Lee@gmail.com
83360169,Yeonguk Yu,Yale University,Yeonguk_Yu@gmail.com
2117904339,Yoonjoong Kim,Harvard University,Yoonjoong_Kim@gmail.com
1411043056,S. Agrawal,"University of California, Berkeley",S._Agrawal@gmail.com
145647476,S. Chaudhuri,California Institute of Technology,S._Chaudhuri@gmail.com
145080425,Gautam Das,Yale University,Gautam_Das@gmail.com
1682878,A. Gionis,University of Washington,A._Gionis@gmail.com
2285291156,Jun Rao,California Institute of Technology,Jun_Rao@gmail.com
31323598,Dany Laksono,University of Washington,Dany_Laksono@gmail.com
2474096,S. Laulederkind,"University of California, Berkeley",S._Laulederkind@gmail.com
4383002,M. Tutaj,Princeton University,M._Tutaj@gmail.com
47692442,M. Shimoyama,Princeton University,M._Shimoyama@gmail.com
145708964,G. Hayman,California Institute of Technology,G._Hayman@gmail.com
1393291803,T. Lowry,Columbia University,T._Lowry@gmail.com
145536002,Rajni Nigam,Massachusetts Institute of Technology,Rajni_Nigam@gmail.com
1916288,V. Petri,"University of California, Berkeley",V._Petri@gmail.com
2109847248,Jennifer R. Smith,"University of California, Berkeley",Jennifer_R._Smith@gmail.com
2109448525,Shur-Jen Wang,"University of California, San Diego",Shur-Jen_Wang@gmail.com
7144057,J. D. Pons,Yale University,J._D._Pons@gmail.com
1849436,M. Dwinell,University of Pennsylvania,M._Dwinell@gmail.com
21744050,H. Jacob,Massachusetts Institute of Technology,H._Jacob@gmail.com
145717652,H. Schuldt,California Institute of Technology,H._Schuldt@gmail.com
1734200,H. Schek,University of Chicago,H._Schek@gmail.com
33049010,Markus Tresch,Massachusetts Institute of Technology,Markus_Tresch@gmail.com
48792798,C. Mulligan,University of Washington,C._Mulligan@gmail.com
143934203,D. Kelly,Columbia University,D._Kelly@gmail.com
35223271,G. Thomas,"University of California, Los Angeles",G._Thomas@gmail.com
2787508,C. Waterton,California Institute of Technology,C._Waterton@gmail.com
47489005,M. Váradi,"University of California, San Diego",M._Váradi@gmail.com
26591876,S. Velankar,California Institute of Technology,S._Velankar@gmail.com
145794456,Stéphane Jean,University of Chicago,Stéphane_Jean@gmail.com
3438088,H. Dehainsala,University of Chicago,H._Dehainsala@gmail.com
1743133,D. Xuan,"University of California, San Diego",D._Xuan@gmail.com
1748676,G. Pierra,California Institute of Technology,G._Pierra@gmail.com
1684379,Ladjel Bellatreche,Columbia University,Ladjel_Bellatreche@gmail.com
1708081,Y. A. Ameur,Stanford University,Y._A._Ameur@gmail.com
145188857,A. Elmagarmid,Yale University,A._Elmagarmid@gmail.com
145553355,E. Gordon,Columbia University,E._Gordon@gmail.com
49401455,L. Konopka,University of Michigan,L._Konopka@gmail.com
2235792,E. Ozkarahan,"University of California, Berkeley",E._Ozkarahan@gmail.com
144463965,A. Sheth,"University of California, San Diego",A._Sheth@gmail.com
22134418,Ming T. Liu,Massachusetts Institute of Technology,Ming_T._Liu@gmail.com
1798269,J. Spilka,"University of California, San Diego",J._Spilka@gmail.com
1797654,V. Chudácek,University of Cambridge,V._Chudácek@gmail.com
1800404,M. Huptych,California Institute of Technology,M._Huptych@gmail.com
48077877,R. Leonarduzzi,University of Oxford,R._Leonarduzzi@gmail.com
1731012,P. Abry,California Institute of Technology,P._Abry@gmail.com
2176433,M. Doret,Stanford University,M._Doret@gmail.com
1684457,M. Dunham,Yale University,M._Dunham@gmail.com
1982649,María del Mar Roldán García,Yale University,María_del_Mar_Roldán_García@gmail.com
1743835,J. F. A. Montes,Columbia University,J._F._A._Montes@gmail.com
2324949,M. Barreca,University of Oxford,M._Barreca@gmail.com
145064289,A. Rao,Stanford University,A._Rao@gmail.com
36604738,L. Luca,Massachusetts Institute of Technology,L._Luca@gmail.com
144508067,M. Zappalà,Harvard University,M._Zappalà@gmail.com
2584469,Cristina Gurnari,University of Oxford,Cristina_Gurnari@gmail.com
2558631,P. Monforte,"University of California, Los Angeles",P._Monforte@gmail.com
2105361,E. Clercq,Stanford University,E._Clercq@gmail.com
2977596,B. V. Maele,University of Pennsylvania,B._V._Maele@gmail.com
1906922,Z. Debyser,Princeton University,Z._Debyser@gmail.com
3058439,M. Witvrouw,"University of California, Los Angeles",M._Witvrouw@gmail.com
90643212,J. Briggs,University of Pennsylvania,J._Briggs@gmail.com
1873312,A. Chimirri,"University of California, Berkeley",A._Chimirri@gmail.com
2283085,A. Meliou,"University of California, San Diego",A._Meliou@gmail.com
31938009,Sudeepa Roy,Yale University,Sudeepa_Roy@gmail.com
144823759,Dan Suciu,'University of Washington',Dan_Suciu@gmail.com
2304487,Y. Amghar,"University of California, Los Angeles",Y._Amghar@gmail.com
47531065,Madjid Meziane,Yale University,Madjid_Meziane@gmail.com
144989167,A. Flory,University of Michigan,A._Flory@gmail.com
1598458883,Sajani Vithana,Harvard University,Sajani_Vithana@gmail.com
1744394,S. Ulukus,Princeton University,S._Ulukus@gmail.com
72091723,R. E. Haamer,Columbia University,R._E._Haamer@gmail.com
1394765173,Eka Rusadze,University of Oxford,Eka_Rusadze@gmail.com
7296001,I. Lüsi,Stanford University,I._Lüsi@gmail.com
2165805082,Tauseef Ahmed,Princeton University,Tauseef_Ahmed@gmail.com
7855312,Sergio Escalera,Universitat de Barcelona,Sergio_Escalera@gmail.com
3087532,G. Anbarjafari,University of Pennsylvania,G._Anbarjafari@gmail.com
144146894,S. Naqvi,University of Washington,S._Naqvi@gmail.com
119803948,R. Krishnamurthy,University of Pennsylvania,R._Krishnamurthy@gmail.com
2059187518,David L. Wheeler,University of Washington,David_L._Wheeler@gmail.com
73529582,D. Church,University of Washington,D._Church@gmail.com
144179343,Ron Edgar,University of Michigan,Ron_Edgar@gmail.com
2368474,S. Federhen,Princeton University,S._Federhen@gmail.com
3205754,W. Helmberg,Princeton University,W._Helmberg@gmail.com
34806045,Thomas L. Madden,"University of California, San Diego",Thomas_L._Madden@gmail.com
3390886,J. Pontius,University of Cambridge,J._Pontius@gmail.com
46481106,G. Schuler,Massachusetts Institute of Technology,G._Schuler@gmail.com
2126316,L. Schriml,University of Pennsylvania,L._Schriml@gmail.com
144376619,Edwin Sequeira,Columbia University,Edwin_Sequeira@gmail.com
2044477,Tugba Onal Suzek,"University of California, San Diego",Tugba_Onal_Suzek@gmail.com
1776968,T. Tatusova,University of Chicago,T._Tatusova@gmail.com
145388224,L. Wagner,"University of California, Berkeley",L._Wagner@gmail.com
145009388,A. Papadopoulos,University of Pennsylvania,A._Papadopoulos@gmail.com
1713567,Peter Bellström,University of Michigan,Peter_Bellström@gmail.com
2806064,P. Staroniewicz,"University of California, Berkeley",P._Staroniewicz@gmail.com
21790176,W. Majewski,"University of California, Berkeley",W._Majewski@gmail.com
1679752,Ulf T. Mattsson,University of Chicago,Ulf_T._Mattsson@gmail.com
1751233,C. Laborda,Stanford University,C._Laborda@gmail.com
143966331,Stefan Conrad,'University of Düsseldorf',Stefan_Conrad@gmail.com
2865522,M. Scardamalia,Massachusetts Institute of Technology,M._Scardamalia@gmail.com
2040141,C. Bereiter,"University of California, San Diego",C._Bereiter@gmail.com
40116646,Clare Brett,University of Cambridge,Clare_Brett@gmail.com
47874492,P. Burtis,University of Pennsylvania,P._Burtis@gmail.com
96609713,Carolyn Calhoun,Stanford University,Carolyn_Calhoun@gmail.com
47682882,N. Lea,Massachusetts Institute of Technology,N._Lea@gmail.com
1809270,T. Miura,University of Cambridge,T._Miura@gmail.com
2316077,I. Shioya,"University of California, San Diego",I._Shioya@gmail.com
2957924,Lars Ruddigkeit,California Institute of Technology,Lars_Ruddigkeit@gmail.com
2293098,Lorenz C. Blum,Princeton University,Lorenz_C._Blum@gmail.com
144796684,J. Reymond,University of Pennsylvania,J._Reymond@gmail.com
34440628,L. Zucker,California Institute of Technology,L._Zucker@gmail.com
30956207,M. Darby,University of Michigan,M._Darby@gmail.com
2058161182,J. Fong,University of Washington,J._Fong@gmail.com
3320620,B. Alom,University of Pennsylvania,B._Alom@gmail.com
1718571,F. Henskens,Columbia University,F._Henskens@gmail.com
1938133,Michael Hannaford,University of Oxford,Michael_Hannaford@gmail.com
38534019,Neelu Nihalani,Harvard University,Neelu_Nihalani@gmail.com
2412024,S. Silakari,University of Chicago,S._Silakari@gmail.com
70205847,Mahesh Motwani,"University of California, Los Angeles",Mahesh_Motwani@gmail.com
1800120,S. Dietrich,University of Chicago,S._Dietrich@gmail.com
1680306,Don Goelman,Massachusetts Institute of Technology,Don_Goelman@gmail.com
1702008,C. Borror,University of Chicago,C._Borror@gmail.com
48288926,S. Crook,University of Washington,S._Crook@gmail.com
2919717,A. Belussi,University of Oxford,A._Belussi@gmail.com
1743774,E. Bertino,University of Washington,E._Bertino@gmail.com
1726425,B. Catania,Yale University,B._Catania@gmail.com
1716650,I. Saratxaga,Princeton University,I._Saratxaga@gmail.com
143697651,E. Navas,Harvard University,E._Navas@gmail.com
144004474,I. Hernáez,Princeton University,I._Hernáez@gmail.com
1742790,I. Luengo,University of Cambridge,I._Luengo@gmail.com
1807113,P. Karp,Yale University,P._Karp@gmail.com
143775527,Guang-Ho Cha,"University of California, Los Angeles",Guang-Ho_Cha@gmail.com
1733783,C. Chung,"University of California, Los Angeles",C._Chung@gmail.com
1683669,L. Deri,University of Oxford,L._Deri@gmail.com
1875442,Valeria Lorenzetti,Massachusetts Institute of Technology,Valeria_Lorenzetti@gmail.com
2093463872,Steve Mortimer,"University of California, Berkeley",Steve_Mortimer@gmail.com
9763761,H. Song,Stanford University,H._Song@gmail.com
144064235,Katherine K. Fu,Columbia University,Katherine_K._Fu@gmail.com
144743909,D. G. George,University of Oxford,D._G._George@gmail.com
34055351,W. C. Barker,"University of California, Los Angeles",W._C._Barker@gmail.com
1680812,H. Mewes,University of Pennsylvania,H._Mewes@gmail.com
33726843,F. Pfeiffer,Columbia University,F._Pfeiffer@gmail.com
2159551,A. Tsugita,University of Michigan,A._Tsugita@gmail.com
1778364,G. Winsor,University of Pennsylvania,G._Winsor@gmail.com
1774336,Bhavjinder Khaira,"University of California, Berkeley",Bhavjinder_Khaira@gmail.com
8176724,T. Rossum,California Institute of Technology,T._Rossum@gmail.com
144283020,Raymond Lo,University of Pennsylvania,Raymond_Lo@gmail.com
32446495,M. D. Whiteside,University of Michigan,M._D._Whiteside@gmail.com
1772445,F. Brinkman,"University of California, San Diego",F._Brinkman@gmail.com
145999401,Amgad Agoub,Yale University,Amgad_Agoub@gmail.com
2083662403,Felix Kunde,Harvard University,Felix_Kunde@gmail.com
2230763,M. Kada,Columbia University,M._Kada@gmail.com
2113076,A. M. Barbancho,California Institute of Technology,A._M._Barbancho@gmail.com
3139251,I. Barbancho,Harvard University,I._Barbancho@gmail.com
2901129,L. Tardón,Yale University,L._Tardón@gmail.com
1453328014,Emilio Molina,University of Washington,Emilio_Molina@gmail.com
1766832,U. Engelke,"University of California, Berkeley",U._Engelke@gmail.com
48546175,H. Zepernick,University of Michigan,H._Zepernick@gmail.com
3270882,T. M. Kusuma,Massachusetts Institute of Technology,T._M._Kusuma@gmail.com
1684197,Y. Ioannidis,University of Oxford,Y._Ioannidis@gmail.com
1730314,S. Flesca,Princeton University,S._Flesca@gmail.com
145042418,S. Greco,Massachusetts Institute of Technology,S._Greco@gmail.com
1700482,E. Masciari,Massachusetts Institute of Technology,E._Masciari@gmail.com
1802918,D. Saccá,University of Cambridge,D._Saccá@gmail.com
144718788,L. Deng,California Institute of Technology,L._Deng@gmail.com
2357983,Xiaodong Cui,University of Michigan,Xiaodong_Cui@gmail.com
3185110,Robert Pruvenok,University of Cambridge,Robert_Pruvenok@gmail.com
2157241745,Yanyi Chen,Stanford University,Yanyi_Chen@gmail.com
48190770,S. Momen,Massachusetts Institute of Technology,S._Momen@gmail.com
145890221,A. Alwan,"University of California, San Diego",A._Alwan@gmail.com
40466466,K. Herrmann,Massachusetts Institute of Technology,K._Herrmann@gmail.com
143842962,H. Voigt,Massachusetts Institute of Technology,H._Voigt@gmail.com
3193518,Andreas Behrend,University of Washington,Andreas_Behrend@gmail.com
7337091,Wolfgang Lehner,'Technische Universität Dresden',Wolfgang_Lehner@gmail.com
39592606,Waldeyr M. C. Silva,University of Washington,Waldeyr_M._C._Silva@gmail.com
31472189,Polyane Wercelens,"University of California, San Diego",Polyane_Wercelens@gmail.com
2057331457,M. E. Walter,Stanford University,M._E._Walter@gmail.com
143906110,M. Holanda,University of Washington,M._Holanda@gmail.com
1803518,M. Brigido,University of Washington,M._Brigido@gmail.com
1680621,U. Büker,"University of California, San Diego",U._Büker@gmail.com
9210928,B. Mertsching,"University of California, Berkeley",B._Mertsching@gmail.com
1399291986,Kiyoko F. Aoki-Kinoshita,Massachusetts Institute of Technology,Kiyoko_F._Aoki-Kinoshita@gmail.com
1768762792,Mahmoud Moustafa Eyada,University of Chicago,Mahmoud_Moustafa_Eyada@gmail.com
35538070,Walaa Saber,University of Cambridge,Walaa_Saber@gmail.com
1685720696,Mohammed M. El Genidy,University of Chicago,Mohammed_M._El_Genidy@gmail.com
146682888,F. Amer,University of Chicago,F._Amer@gmail.com
152701833,M. Potey,Yale University,M._Potey@gmail.com
69974988,Megha Digrase,University of Pennsylvania,Megha_Digrase@gmail.com
81753199,Gaurav Deshmukh,University of Michigan,Gaurav_Deshmukh@gmail.com
46250152,M. Nerkar,University of Chicago,M._Nerkar@gmail.com
145654328,P. Watson,University of Chicago,P._Watson@gmail.com
144153718,H. T. Kung,'Harvard University',H._T._Kung@gmail.com
2947656,P. L. Lehman,University of Chicago,P._L._Lehman@gmail.com
1767172,A. Ilic,California Institute of Technology,A._Ilic@gmail.com
1803904,Frederico Pratas,"University of California, Berkeley",Frederico_Pratas@gmail.com
1765948,P. Trancoso,University of Pennsylvania,P._Trancoso@gmail.com
145696419,L. Sousa,Harvard University,L._Sousa@gmail.com
1798691,Rosa Meo,Harvard University,Rosa_Meo@gmail.com
2493367,G. Psaila,"University of California, Los Angeles",G._Psaila@gmail.com
